#,Listicle Title,Link,Domain,Type,DR,Page Traffic/mo,Top-3 KW,AI Citations (90d),AI Cite Rate %,RevFactor Listed?,Competitors in AI Answers,Topic,Outreach Priority,Recommended Action,Contact / Editor,Pitch Written?,Notes
1,The 6 Best Airbnb Pricing Tools in 2026,https://hoteltechreport.com/news/airbnb-pricing-tools,hoteltechreport.com,Third-party (pitch),77.0,229,16,1561,122.0,No,"Beyond Pricing, Lodgify, AirDNA, Hostfully, Vrbo, PriceLabs",Pricing Tools,Tier 1 — high impact,Pitch editor for inclusion (mention-exchange or resource add),,,
2,10 Best Airbnb SEO Experts & Listing Optimization Services,https://seoforgrowth.com/best-airbnb-seo-experts-listing-optimization-services,seoforgrowth.com,Third-party (pitch),55.0,0,0,192,97.0,No,"Rankbreeze, OptimizeMyBnb",STR Tools (general),Tier 1 — high impact,Pitch editor for inclusion (mention-exchange or resource add),,,
3,The Best Dynamic Pricing Tools For Airbnb: Top Picks from Superhosts,https://bnbcalc.com/reviews/the-best-dynamic-pricing-tools-for-airbnb,bnbcalc.com,Third-party (pitch),47.0,0,0,189,90.4,No,"Beyond Pricing, Vrbo, PriceLabs, Guesty, Wheelhouse",Pricing Tools,Tier 1 — high impact,Pitch editor for inclusion (mention-exchange or resource add),,,
4,The Complete Guide to Airbnb Host Tools: 17 Essential Platforms to Maximize Your Revenue in 2025,https://localbird.io/docs/airbnb-host-tools,localbird.io,Third-party (pitch),52.0,0,0,153,112.5,No,"Beyond Pricing, AirDNA, Hostfully, TouchStay, Vrbo, PriceLabs",STR Tools (general),Tier 1 — high impact,Pitch editor for inclusion (mention-exchange or resource add),,,
5,5 Best Vacation Rental Management Companies for Hands-Off Success in 2026,https://finehomesandliving.com/lifestyle/5-best-vacation-rental-management-companies-for-hands-off-success-in-2026/article_77795a12-7def-4972-912f-db7b44f17e6e.html,finehomesandliving.com,Third-party (pitch),61.0,0,0,106,134.2,No,"AirDNA, Vrbo, Vacasa, Evolve, AvantStay, Awning",STR Mgmt Companies,Tier 1 — high impact,Pitch editor for inclusion (mention-exchange or resource add),,,
6,Best vacation rental software 2026: How to pick the right one,https://coaxsoft.com/blog/best-vacation-rental-software,coaxsoft.com,Third-party (pitch),50.0,1,1,101,109.8,No,"Lodgify, Hostfully, Vrbo, Hostaway, PriceLabs, Hospitable",Vacation Rental Software,Tier 1 — high impact,Pitch editor for inclusion (mention-exchange or resource add),,,
7,6 Best Short-Term Rental Management Tools That Airbnb Hosts Actually Use (2025 Guide),https://suiteop.com/blog/best-short-term-rental-management-tools-airbnb-hosts-2025,suiteop.com,Third-party (pitch),54.0,0,0,95,78.5,No,"Hostfully, Vrbo, Hostaway, PriceLabs, Guesty, Uplisting",STR Tools (general),Tier 1 — high impact,Pitch editor for inclusion (mention-exchange or resource add),,,
8,10 Best Dynamic Pricing Tools for Vacation Rentals in 2026,https://stayfi.com/vrm-insider/2026/05/21/best-vacation-rental-dynamic-pricing-software,stayfi.com,Third-party (pitch),60.0,0,0,81,184.1,No,"Lodgify, Vrbo, Hostaway, PriceLabs, Guesty, Wheelhouse",Pricing Tools,Tier 1 — high impact,Pitch editor for inclusion (mention-exchange or resource add),,,
9,The 12 Best Short Term Rental Pricing Tools for 2025 | Global Property Management,https://join.globalvacationrentals.com/blog/short-term-rental-pricing-tools,join.globalvacationrentals.com,Third-party (pitch),31.0,0,0,239,93.4,No,"Beyond Pricing, AirDNA, Vrbo, Rankbreeze, Key Data, PriceLabs",Pricing Tools,Tier 2 — solid,Pitch editor for inclusion (mention-exchange or resource add),,,
10,5 Strategies To Master Your Nightly Rate: Tools To Maximize Your Airbnb Bookings And Revenue | BlueSalt,https://bluesaltvi.com/master-your-airbnb-nightly-rate,bluesaltvi.com,Third-party (pitch),2.6,0,0,178,140.2,No,Vrbo,STR Tools (general),Tier 2 — solid,Pitch editor for inclusion (mention-exchange or resource add),,,
11,5 Companies For Hassle-Free Vacation Rental Management In 2026 - Simplify Renting - Denver Metro's,https://simplifyrenting.com/best-vacation-rental-management-companies-2026,simplifyrenting.com,Third-party (pitch),6.0,0,0,162,130.6,No,"Vrbo, Vacasa, Evolve, AvantStay",STR Tools (general),Tier 2 — solid,Pitch editor for inclusion (mention-exchange or resource add),,,
12,Top Vacation Rental Platforms & Software for Detailed Revenue Reporting and ROI Analytics,https://bnbdirect.ai/blog/vacation-rental-revenue-reporting-roi-analytics-platforms,bnbdirect.ai,Third-party (pitch),20.0,0,0,106,302.9,No,"Beyond Pricing, Lodgify, AirDNA, Vrbo, Key Data, Hostaway",Vacation Rental Software,Tier 2 — solid,Pitch editor for inclusion (mention-exchange or resource add),,,
13,4 Short-Term Rental Pricing Tools to Boost Your Revenue,https://jetstreamtech.io/short-term-rental-pricing-tools,jetstreamtech.io,Third-party (pitch),27.0,0,0,86,96.6,No,"Beyond Pricing, AirDNA, Vrbo, PriceLabs, Wheelhouse",Pricing Tools,Tier 2 — solid,Pitch editor for inclusion (mention-exchange or resource add),,,
14,Best Airbnb Dynamic Pricing Tools 2026: PriceLabs vs Beyond vs Wheelhouse,https://learn.10xbnb.com/airbnb-dynamic-pricing-tools-comparison,learn.10xbnb.com,Third-party (pitch),62.0,0,0,76,140.7,No,"Beyond Pricing, AirDNA, Vrbo, Hostaway, PriceLabs, Hospitable",Pricing Tools,Tier 2 — solid,Pitch editor for inclusion (mention-exchange or resource add),,,
15,The 12 Best Short Term Rental Pricing Tools for 2025 | Global Property Management,https://join.globalvacationrentals.com/zh/blog/short-term-rental-pricing-tools,join.globalvacationrentals.com,Third-party (pitch),31.0,0,0,75,90.4,No,"Beyond Pricing, AirDNA, Vrbo, Rankbreeze, Key Data, PriceLabs",Pricing Tools,Tier 2 — solid,Pitch editor for inclusion (mention-exchange or resource add),,,
16,Best Airbnb Software Companies for Scaling Hosts,https://beesetups.com/post/best-airbnb-setup-companies-for-scaling-hosts,beesetups.com,Third-party (pitch),6.0,0,0,73,331.8,No,"Lodgify, AirDNA, Hostfully, Vrbo, Hostaway, PriceLabs",Vacation Rental Software,Tier 2 — solid,Pitch editor for inclusion (mention-exchange or resource add),,,
17,Best Vacation Rental Revenue Management Software,https://comparent.com/blog/best-vacation-rental-revenue-management-software,comparent.com,Third-party (pitch),36.0,0,0,71,101.4,No,"Beyond Pricing, AirDNA, Hostfully, Vrbo, Key Data, PriceLabs",Revenue Mgmt Software,Tier 2 — solid,Pitch editor for inclusion (mention-exchange or resource add),,,
18,10 Best Airbnb Management Software Platforms in 2026,https://stayfi.com/vrm-insider/2026/03/09/best-airbnb-management-software,stayfi.com,Third-party (pitch),60.0,0,0,68,121.4,No,"Lodgify, Hostfully, Vrbo, Hostaway, Hospitable, Guesty",Vacation Rental Software,Tier 2 — solid,Pitch editor for inclusion (mention-exchange or resource add),,,
19,7 top vacation home management companies,https://pacaso.com/blog/top-rental-management-companies,pacaso.com,Third-party (pitch),70.0,0,0,68,121.4,No,,STR Mgmt Companies,Tier 2 — solid,Pitch editor for inclusion (mention-exchange or resource add),,,
20,The 13 Best Short-term Rental Management Companies,https://jetstreamtech.io/best-short-term-rental-management-companies,jetstreamtech.io,Third-party (pitch),27.0,0,0,62,137.8,No,"Vrbo, Vacasa, Evolve, Guesty",STR Mgmt Companies,Tier 2 — solid,Pitch editor for inclusion (mention-exchange or resource add),,,
21,Best Dynamic Pricing Tools for Vacation Rentals 2026,https://boringhost.ai/blog/best-dynamic-pricing-tools-vacation-rentals/,boringhost.ai,Third-party (pitch),0.0,0,0,0,0,No,,Pricing Tools,Tier 3 — long-tail,Pitch editor for inclusion (mention-exchange or resource add),,,
22,Top 10 Best Short Term Rentals Software of 2026,https://wifitalents.com/best/short-term-rentals-software/,wifitalents.com,Third-party (pitch),79.0,0,0,0,0,No,,Pricing Tools,Tier 3 — long-tail,Pitch editor for inclusion (mention-exchange or resource add),,,
23,Top 10 Short-Term Rental Property Management Tools 2026,https://www.lindsaystroud.com/blog/best-pms-tools-for-short-term-rentals,lindsaystroud.com,Third-party (pitch),0.7,156,1,0,0,No,,Pricing Tools,Tier 3 — long-tail,Pitch editor for inclusion (mention-exchange or resource add),,,
24,6 Best Property Management Software for Short-Term Rentals,https://rentpost.com/resources/article/property-management-software-for-short-term-rentals/,rentpost.com,Third-party (pitch),47.0,7,0,0,0,No,,Pricing Tools,Tier 3 — long-tail,Pitch editor for inclusion (mention-exchange or resource add),,,
25,Best Dynamic Pricing Tools for Vacation Rentals 2026 | Revenue Management Software Guide,https://aeve.ai/best-dynamic-pricing-tools-vacation-rentals-2026,aeve.ai,Competitor/Product-owned (monitor),11.0,0,0,837,129.2,No,"Beyond Pricing, Lodgify, AirDNA, Vrbo, Hostaway, PriceLabs",Revenue Mgmt Software,Monitor (skip outreach),Competitor/product-owned — track only; will not list RevFactor,,,
26,Airbnb Pricing Tools: 6 Top Alternatives to Smart Pricing,https://truvi.com/blog/airbnb-pricing-tools,truvi.com,Competitor/Product-owned (monitor),54.0,0,0,782,117.9,No,"Beyond Pricing, Lodgify, Vrbo, Truvi, PriceLabs, Hospitable",Pricing Tools,Monitor (skip outreach),Competitor/product-owned — track only; will not list RevFactor,,,
27,Top 7 Airbnb Management Companies (2026),https://redawning.com/pm/post/the-best-airbnb-property-management-companies-for-hosts-in-2026,redawning.com,Competitor/Product-owned (monitor),62.0,0,0,726,160.3,No,"AirDNA, Vrbo, Vacasa, RedAwning, Evolve, AvantStay",STR Mgmt Companies,Monitor (skip outreach),Competitor/product-owned — track only; will not list RevFactor,,,
28,The Best Airbnb Pricing Tools of 2026,https://lodgify.com/blog/airbnb-pricing-tools,lodgify.com,Competitor/Product-owned (monitor),89.0,0,0,526,127.7,No,"Beyond Pricing, Lodgify, Vrbo, PriceLabs",Pricing Tools,Monitor (skip outreach),Competitor/product-owned — track only; will not list RevFactor,,,
29,Best Revenue Management Software for Vacation Rentals,https://hostaway.com/blog/best-revenue-management-software-for-vacation-rentals,hostaway.com,Competitor/Product-owned (monitor),73.0,0,0,483,109.5,No,"Beyond Pricing, Hostaway, PriceLabs, Quibble, Wheelhouse",Revenue Mgmt Software,Monitor (skip outreach),Competitor/product-owned — track only; will not list RevFactor,,,
30,The 10 Biggest Airbnb Management Companies in the US,https://hostaway.com/blog/the-10-biggest-airbnb-management-companies-in-the-us,hostaway.com,Competitor/Product-owned (monitor),73.0,0,0,446,133.5,No,"Hostaway, Evolve, AvantStay, Awning, Vrbo, Vacasa",STR Mgmt Companies,Monitor (skip outreach),Competitor/product-owned — track only; will not list RevFactor,,,
31,Best vacation rental management software in 2026: How to pick the right platform for your portfolio,https://guesty.com/blog/best-str-software-in-2026,guesty.com,Competitor/Product-owned (monitor),77.0,0,0,301,122.9,No,"Lodgify, Vrbo, Hospitable, Guesty",Vacation Rental Software,Monitor (skip outreach),Competitor/product-owned — track only; will not list RevFactor,,,
32,Best Airbnb Pricing Software for 2026: Features Every Host Needs,https://hello.pricelabs.co/blog/airbnb-dynamic-pricing-software,hello.pricelabs.co,Competitor/Product-owned (monitor),72.0,0,0,282,132.4,No,"Lodgify, Vrbo, PriceLabs, Wheelhouse",Pricing Tools,Monitor (skip outreach),Competitor/product-owned — track only; will not list RevFactor,,,
33,10 Best Short-Term Rental Management Software Tools in 2026,https://touchstay.com/blog/best-short-term-rental-management-software-tools,touchstay.com,Competitor/Product-owned (monitor),73.0,257,5,244,86.8,No,"Lodgify, TouchStay, Vrbo, Hostaway, PriceLabs, Hospitable",Vacation Rental Software,Monitor (skip outreach),Competitor/product-owned — track only; will not list RevFactor,,,
34,5 best short-term rental data and analytics solutions,https://mylighthouse.com/resources/blog/short-term-rental-data-analytics,mylighthouse.com,Competitor/Product-owned (monitor),81.0,0,0,243,104.3,No,"AirDNA, Vrbo, Key Data, Lighthouse",STR Data/Analytics,Monitor (skip outreach),Competitor/product-owned — track only; will not list RevFactor,,,
35,The 10 Best Airbnb Management Companies in 2026,https://lodgify.com/blog/airbnb-management-companies,lodgify.com,Competitor/Product-owned (monitor),89.0,0,0,188,136.2,No,"Lodgify, Vacasa, RedAwning, Evolve, AvantStay",STR Mgmt Companies,Monitor (skip outreach),Competitor/product-owned — track only; will not list RevFactor,,,
36,Best Vacation Rental Smart Pricing Tools | Dynamic Pricing 2025,https://hostaway.com/blog/vacation-rental-smart-pricing-tools,hostaway.com,Competitor/Product-owned (monitor),73.0,0,0,187,83.9,No,"Beyond Pricing, Hostaway, PriceLabs, Wheelhouse",Pricing Tools,Monitor (skip outreach),Competitor/product-owned — track only; will not list RevFactor,,,
37,Dynamic Pricing: The Best Tools for Hosts in 2026,https://smoobu.com/en/blog/best-dynamic-pricing-tools,smoobu.com,Competitor/Product-owned (monitor),84.0,0,0,186,96.4,No,"Beyond Pricing, Vrbo, PriceLabs, Wheelhouse",Pricing Tools,Monitor (skip outreach),Competitor/product-owned — track only; will not list RevFactor,,,
38,Top 5 Dynamic Pricing Tools for Your Vacation Rental Business,https://zeevou.com/blog/top-5-dynamic-pricing-tools-for-your-vacation-rental-business,zeevou.com,Competitor/Product-owned (monitor),64.0,0,0,184,79.3,No,"Beyond Pricing, AirDNA, Vrbo, PriceLabs, Wheelhouse",Pricing Tools,Monitor (skip outreach),Competitor/product-owned — track only; will not list RevFactor,,,
39,Best PMS for short-term rentals: Top platforms compared for 2026,https://mylighthouse.com/resources/blog/best-pms-for-short-term-rentals,mylighthouse.com,Competitor/Product-owned (monitor),81.0,0,0,179,99.4,No,"Beyond Pricing, Lodgify, Vrbo, Hostaway, PriceLabs, Lighthouse",STR Tools (general),Monitor (skip outreach),Competitor/product-owned — track only; will not list RevFactor,,,
40,5 Best Revenue Management Tools for Vacation Rentals in 2026,https://hostfully.com/blog/vacation-rental-revenue-management-tools,hostfully.com,Competitor/Product-owned (monitor),78.0,0,0,178,101.1,No,"Wheelhouse, Beyond Pricing, Hostfully, Vrbo, PriceLabs",Revenue Mgmt Software,Monitor (skip outreach),Competitor/product-owned — track only; will not list RevFactor,,,
41,4 Best Airbnb Pricing Tools to Help Maximize Your Profits,https://hostfully.com/blog/airbnb-pricing-tools,hostfully.com,Competitor/Product-owned (monitor),78.0,0,0,166,77.6,No,"Beyond Pricing, AirDNA, Hostfully, Vrbo, PriceLabs, Wheelhouse",Pricing Tools,Monitor (skip outreach),Competitor/product-owned — track only; will not list RevFactor,,,
42,The 10 largest vacation rental companies ranked by size and market share,https://mylighthouse.com/resources/blog/largest-vacation-rental-companies,mylighthouse.com,Competitor/Product-owned (monitor),81.0,0,0,166,100,No,"Vrbo, Vacasa, Evolve, Lighthouse, AvantStay",STR Tools (general),Monitor (skip outreach),Competitor/product-owned — track only; will not list RevFactor,,,
43,How to boost Vrbo listings: 10 tips for property managers,https://rentalsunited.com/blog/rank-higher-vrbo,rentalsunited.com,Competitor/Product-owned (monitor),61.0,0,0,155,166.7,No,"Vrbo, Rentals United",STR Mgmt Companies,Monitor (skip outreach),Competitor/product-owned — track only; will not list RevFactor,,,
44,The 2026 Core Tools That Matter for Short-Term Rental Hosts | Build a Smart Tech Stack,https://hostaway.com/blog/core-tools-for-short-term-rental-hosts,hostaway.com,Competitor/Product-owned (monitor),73.0,0,0,139,125.2,No,"Vrbo, Hostaway, Evolve",STR Tools (general),Monitor (skip outreach),Competitor/product-owned — track only; will not list RevFactor,,,
45,7 Best Vacation Rental Software Platforms for 2026,https://rentalsunited.com/blog/the-7-best-vacation-rental-software-comparison,rentalsunited.com,Competitor/Product-owned (monitor),61.0,0,0,126,79.2,No,"Lodgify, Hostfully, Vrbo, Escapia, Guesty, Rentals United",Vacation Rental Software,Monitor (skip outreach),Competitor/product-owned — track only; will not list RevFactor,,,
46,How to Choose the Best Dynamic Pricing Software for Your Airbnb or Property Management Company (PMC),https://quibblerm.com/best-dynamic-pricing-software-airbnb-pmc,quibblerm.com,Competitor/Product-owned (monitor),31.0,0,0,119,66.5,No,"Beyond Pricing, PriceLabs, Quibble, Wheelhouse",Pricing Tools,Monitor (skip outreach),Competitor/product-owned — track only; will not list RevFactor,,,
47,Airbnb Smart Pricing and Its Alternatives,https://hospitable.com/airbnb-smart-pricing,hospitable.com,Competitor/Product-owned (monitor),74.0,17,9,113,79.6,No,"Vrbo, Hospitable",Pricing Tools,Monitor (skip outreach),Competitor/product-owned — track only; will not list RevFactor,,,
48,Best Dynamic Pricing Tools for Vacation Rentals » Rentals United,https://rentalsunited.com/blog/best-vacation-rental-dynamic-pricing-tools,rentalsunited.com,Competitor/Product-owned (monitor),61.0,0,0,108,99.1,No,"Beyond Pricing, AirDNA, PriceLabs, Evolve, Rentals United, Wheelhouse",Pricing Tools,Monitor (skip outreach),Competitor/product-owned — track only; will not list RevFactor,,,
49,Lodgify: The #1 Vacation Rental Software,https://lodgify.com,lodgify.com,Competitor/Product-owned (monitor),89.0,0,0,106,101.0,No,"Lodgify, Vrbo",Vacation Rental Software,Monitor (skip outreach),Competitor/product-owned — track only; will not list RevFactor,,,
50,Best Vacation Rental Business Intelligence Tools 2025,https://hostaway.com/blog/best-vacation-rental-business-intelligence-tools,hostaway.com,Competitor/Product-owned (monitor),73.0,0,0,106,103.9,No,"Beyond Pricing, AirDNA, Vrbo, Key Data, Hostaway, PriceLabs",STR Tools (general),Monitor (skip outreach),Competitor/product-owned — track only; will not list RevFactor,,,
51,Best Airbnb Pricing Tools for Airbnb Operators in 2024,https://growyourbnb.com/what-are-the-airbnb-pricing-tools,growyourbnb.com,Competitor/Product-owned (monitor),18.0,0,0,96,126.3,No,"Beyond Pricing, AirDNA, PriceLabs, GrowYourBNB, Wheelhouse",Pricing Tools,Monitor (skip outreach),Competitor/product-owned — track only; will not list RevFactor,,,
52,Top 10 Airbnb Calendar Sync Tools for Property Managers,https://mashvisor.com/blog/airbnb-calendar-sync,mashvisor.com,Competitor/Product-owned (monitor),72.0,0,0,96,154.8,No,"Lodgify, Hostfully, Mashvisor, Hostaway, Hospitable, Guesty",STR Mgmt Companies,Monitor (skip outreach),Competitor/product-owned — track only; will not list RevFactor,,,
53,Best Multi-City Airbnb Pricing Software: Scale Your Portfolio in 2026,https://hello.pricelabs.co/blog/multi-city-airbnb-pricing-software,hello.pricelabs.co,Competitor/Product-owned (monitor),72.0,0,0,93,124.0,No,"Vrbo, PriceLabs",Pricing Tools,Monitor (skip outreach),Competitor/product-owned — track only; will not list RevFactor,,,
54,Best Airbnb Management Companies in the U.S.,https://airdna.co/blog/the-best-airbnb-property-management-services,airdna.co,Competitor/Product-owned (monitor),76.0,0,0,90,83.3,No,"AirDNA, Vrbo",STR Mgmt Companies,Monitor (skip outreach),Competitor/product-owned — track only; will not list RevFactor,,,
55,Top 50 Vacation Rental Management Companies in 2026,https://rentalsunited.com/blog/vacation-rental-property-managers,rentalsunited.com,Competitor/Product-owned (monitor),61.0,0,0,89,76.1,No,"Vacasa, Evolve, AvantStay, Rentals United",STR Mgmt Companies,Monitor (skip outreach),Competitor/product-owned — track only; will not list RevFactor,,,
56,7 Best Airbnb Management Companies,https://awning.com/post/top-airbnb-management-companies,awning.com,Competitor/Product-owned (monitor),54.0,14,0,87,110.1,No,"Vrbo, Vacasa, RedAwning, Evolve, AvantStay, Awning",STR Mgmt Companies,Monitor (skip outreach),Competitor/product-owned — track only; will not list RevFactor,,,
57,5 Ways Property Managers are Using AI in Their Short-Term Rental Business,https://hostaway.com/blog/how-to-use-ai-in-your-short-term-rental-business,hostaway.com,Competitor/Product-owned (monitor),73.0,0,0,77,157.1,No,"Beyond Pricing, Hostaway, PriceLabs, Wheelhouse",STR Mgmt Companies,Monitor (skip outreach),Competitor/product-owned — track only; will not list RevFactor,,,
58,6 Best Airbnb Pricing Tools,https://awning.com/post/best-airbnb-pricing-tools,awning.com,Competitor/Product-owned (monitor),54.0,0,0,77,167.4,No,"Beyond Pricing, Lodgify, AirDNA, Hostfully, Vrbo, Mashvisor",Pricing Tools,Monitor (skip outreach),Competitor/product-owned — track only; will not list RevFactor,,,
59,Tools for Airbnb Hosts: Best Apps to Save Time and Boost Performance,https://hospitable.com/tools-for-airbnb-hosts,hospitable.com,Competitor/Product-owned (monitor),74.0,15,5,70,64.8,No,"TouchStay, Vrbo, Key Data, Truvi, PriceLabs, Hospitable",STR Tools (general),Monitor (skip outreach),Competitor/product-owned — track only; will not list RevFactor,,,
60,10 Best Dynamic Pricing Software for Hotels,https://usewheelhouse.com/blog/10-best-dynamic-pricing-software-for-hotels,usewheelhouse.com,Competitor/Product-owned (monitor),59.0,0,0,67,104.7,No,Wheelhouse,Pricing Tools,Monitor (skip outreach),Competitor/product-owned — track only; will not list RevFactor,,,
61,7 Best Short-Term Rental Revenue Management Companies,https://www.linkedin.com/pulse/7-best-short-term-rental-revenue-management-companies-aditya-abhishek-jrxmc/,linkedin.com,Third-party (already listed),98.0,,,,,Yes — #1 Best Overall,"Pacer, RevPARTY Consulting, STR Consulting, Hostlyft, Pricing by Mira, Rented (TravelNet)",Revenue Mgmt Services,Monitor for AI citations,Already listed #1 — track whether AI engines pick it up; added 2026-07-09,Aditya Abhishek (author),,LinkedIn Pulse article
